Date,SPI INDEX
2009-01-05,4747.31
2009-01-06,4787.95
2009-01-07,4756.9
2009-01-08,4740.84
2009-01-09,4701.1
2009-01-12,4620.33
2009-01-13,4569.72
2009-01-14,4444.6
2009-01-15,4446.27
2009-01-16,4487.51
2009-01-19,4445.22
2009-01-20,4393.07
2009-01-21,4377.97
2009-01-22,4398.8
2009-01-23,4372.1
2009-01-26,4454.64
2009-01-27,4409.93
2009-01-28,4472.64
2009-01-29,4364.36
2009-01-30,4375.72
2009-02-02,4276.46
2009-02-03,4314.26
2009-02-04,4329.16
2009-02-05,4241.85
2009-02-06,4264.07
2009-02-09,4289.79
2009-02-10,4275.95
2009-02-11,4259.95
2009-02-12,4242.74
2009-02-13,4264.05
2009-02-16,4223.13
2009-02-17,4112.33
2009-02-18,4117.97
2009-02-19,4143.82
2009-02-20,4029.56
2009-02-23,3983.6
2009-02-24,3922.94
2009-02-25,3905.94
2009-02-26,3956.5
2009-02-27,3929.92
2009-03-02,3726.9
2009-03-03,3663.36
2009-03-04,3750.06
2009-03-05,3687.19
2009-03-06,3625.55
2009-03-09,3621.61
2009-03-10,3784.31
2009-03-11,3835.21
2009-03-12,3885.26
2009-03-13,3948.39
2009-03-16,4045.48
2009-03-17,4040.44
2009-03-18,4018.53
2009-03-19,4032.27
2009-03-20,4032.3
2009-03-23,4140.56
2009-03-24,4131.84
2009-03-25,4172.09
2009-03-26,4169.52
2009-03-27,4100.57
2009-03-30,3998.55
2009-03-31,4137.35
2009-04-01,4204.26
2009-04-02,4340.64
2009-04-03,4247.68
2009-04-06,4220.83
2009-04-07,4203.95
2009-04-08,4220.86
2009-04-09,4286.42
2009-04-14,4315.43
2009-04-15,4290.28
2009-04-16,4367.81
2009-04-17,4395.91
2009-04-20,4295.95
2009-04-21,4303.8
2009-04-22,4305.07
2009-04-23,4279.26
2009-04-24,4359.8
2009-04-27,4405.58
2009-04-28,4352.62
2009-04-29,4423.26
2009-04-30,4487.52
2009-05-04,4569.05
2009-05-05,4548.68
2009-05-06,4579.92
2009-05-07,4585.75
2009-05-08,4641.91
2009-05-11,4609.99
2009-05-12,4597.5
2009-05-13,4537.21
2009-05-14,4600.95
2009-05-15,4602.49
2009-05-18,4672.51
2009-05-19,4731.36
2009-05-20,4743.73
2009-05-22,4662.54
2009-05-25,4693.68
2009-05-26,4675.38
2009-05-27,4673.33
2009-05-28,4614.59
2009-05-29,4615.16
2009-06-02,4688.29
2009-06-03,4652.78
2009-06-04,4682.64
2009-06-05,4668
2009-06-08,4660.94
2009-06-09,4660.18
2009-06-10,4699.77
2009-06-11,4735.32
2009-06-12,4764.89
2009-06-15,4669.51
2009-06-16,4645.8
2009-06-17,4578.03
2009-06-18,4633.58
2009-06-19,4671.34
2009-06-22,4575.71
2009-06-23,4581.82
2009-06-24,4683.93
2009-06-25,4623.46
2009-06-26,4636.49
2009-06-29,4689.08
2009-06-30,4662.64
2009-07-01,4714.93
2009-07-02,4623.04
2009-07-03,4606.65
2009-07-06,4613.55
2009-07-07,4596.37
2009-07-08,4561.16
2009-07-09,4572.78
2009-07-10,4519.9
2009-07-13,4580.14
2009-07-14,4621.74
2009-07-15,4708.11
2009-07-16,4756.92
2009-07-17,4800.9
2009-07-20,4832.44
2009-07-21,4844.56
2009-07-22,4845.3
2009-07-23,4944.17
2009-07-24,4937.15
2009-07-27,4961.65
2009-07-28,4953.45
2009-07-29,4973.16
2009-07-30,5089.39
2009-07-31,5109.4
2009-08-03,5129.03
2009-08-04,5104.53
2009-08-05,5086.96
2009-08-06,5131.66
2009-08-07,5177.64
2009-08-10,5164.74
2009-08-11,5118.14
2009-08-12,5130.51
2009-08-13,5151.66
2009-08-14,5155.36
2009-08-17,5068.29
2009-08-18,5124.09
2009-08-19,5144.37
2009-08-20,5190.87
2009-08-21,5280.89
2009-08-24,5329.47
2009-08-25,5333.52
2009-08-26,5313.86
2009-08-27,5309.32
2009-08-28,5346
2009-08-31,5346.17
2009-09-01,5274.08
2009-09-02,5235.32
2009-09-03,5226.09
2009-09-04,5267.12
2009-09-07,5323.47
2009-09-08,5335.26
2009-09-09,5348.6
2009-09-10,5359.32
2009-09-11,5382.52
2009-09-14,5378.45
2009-09-15,5373.55
2009-09-16,5442.62
2009-09-17,5458.61
2009-09-18,5465.66
2009-09-21,5448.59
2009-09-22,5477.3
2009-09-23,5486.43
2009-09-24,5422.02
2009-09-25,5388.32
2009-09-28,5431.34
2009-09-29,5453.52
2009-09-30,5461.31
2009-10-01,5401.1
2009-10-02,5308.94
2009-10-05,5321.39
2009-10-06,5417.63
2009-10-07,5405.34
2009-10-08,5444.87
2009-10-09,5438.39
2009-10-12,5507.33
2009-10-13,5460.21
2009-10-14,5528.41
2009-10-15,5510.91
2009-10-16,5480.81
2009-10-19,5550.38
2009-10-20,5540.68
2009-10-21,5540.83
2009-10-22,5515.25
2009-10-23,5494.36
2009-10-26,5430.24
2009-10-27,5475.73
2009-10-28,5393.5
2009-10-29,5452.28
2009-10-30,5402.58
2009-11-02,5403.6
2009-11-03,5342.56
2009-11-04,5396.2
2009-11-05,5412.69
2009-11-06,5420.83
2009-11-09,5497.21
2009-11-10,5485.61
2009-11-11,5493.31
2009-11-12,5481.13
2009-11-13,5477.95
2009-11-16,5536.23
2009-11-17,5500.32
2009-11-18,5496.39
2009-11-19,5423.97
2009-11-20,5412.71
2009-11-23,5515.4
2009-11-24,5502.93
2009-11-25,5520.93
2009-11-26,5405.15
2009-11-27,5448.78
2009-11-30,5388.37
2009-12-01,5475.85
2009-12-02,5490.54
2009-12-03,5537.08
2009-12-04,5583.84
2009-12-07,5563.6
2009-12-08,5504.53
2009-12-09,5462.21
2009-12-10,5508.23
2009-12-11,5510.45
2009-12-14,5529.97
2009-12-15,5538.15
2009-12-16,5608.29
2009-12-17,5571.12
2009-12-18,5552.99
2009-12-21,5584.67
2009-12-22,5647.05
2009-12-23,5648.15
2009-12-28,5657.9
2009-12-29,5674.39
2009-12-30,5626.4
2010-01-04,5703.14
2010-01-05,5673.58
2010-01-06,5661.26
2010-01-07,5658.43
2010-01-08,5709.4
2010-01-11,5691.22
2010-01-12,5649.43
2010-01-13,5659.09
2010-01-14,5720.94
2010-01-15,5683.32
2010-01-18,5707.52
2010-01-19,5731.98
2010-01-20,5694.09
2010-01-21,5683.46
2010-01-22,5612.12
2010-01-25,5579.35
2010-01-26,5604.8
2010-01-27,5593.98
2010-01-28,5568.2
2010-01-29,5570.19
2010-02-01,5613.19
2010-02-02,5659.21
2010-02-03,5661.26
2010-02-04,5531.07
2010-02-05,5419.17
2010-02-08,5479.39
2010-02-09,5457.04
2010-02-10,5473.24
2010-02-11,5525.84
2010-02-12,5531.33
2010-02-15,5552.38
2010-02-16,5592.49
2010-02-17,5651.7
2010-02-18,5706.62
2010-02-19,5761.57
2010-02-22,5747.38
2010-02-23,5715.11
2010-02-24,5744.44
2010-02-25,5706.83
2010-02-26,5763.27
2010-03-01,5826.09
2010-03-02,5888.03
2010-03-03,5891.6
2010-03-04,5914.19
2010-03-05,5949.76
2010-03-08,5955.99
2010-03-09,5968.09
2010-03-10,5974.31
2010-03-11,5959.48
2010-03-12,5949.97
2010-03-15,5939.38
2010-03-16,5982.88
2010-03-17,6004.28
2010-03-18,6006.96
2010-03-19,5992.63
2010-03-22,5980.88
2010-03-23,5991.23
2010-03-24,5994.86
2010-03-25,6014.1
2010-03-26,5974.36
2010-03-29,5984.7
2010-03-30,6000.55
2010-03-31,6007.84
2010-04-01,6041.21
2010-04-06,6046.85
2010-04-07,6012.51
2010-04-08,5969.34
2010-04-09,6056.87
2010-04-12,6074.64
2010-04-13,6055.07
2010-04-14,6083.37
2010-04-15,6124.16
2010-04-16,6064.88
2010-04-19,6023.48
2010-04-20,6056.04
2010-04-21,6036.84
2010-04-22,5964.9
2010-04-23,6005.62
2010-04-26,6035.01
2010-04-27,5913.93
2010-04-28,5828.57
2010-04-29,5896.86
2010-04-30,5847.37
2010-05-03,5830.74
2010-05-04,5748.76
2010-05-05,5712.75
2010-05-06,5652.92
2010-05-07,5487.21
2010-05-10,5720.34
2010-05-11,5742.89
2010-05-12,5807.94
2010-05-14,5680.55
2010-05-17,5678.08
2010-05-18,5714.23
2010-05-19,5623.29
2010-05-20,5519.35
2010-05-21,5482.85
2010-05-25,5367.12
2010-05-26,5441.23
2010-05-27,5576.77
2010-05-28,5577.68
2010-05-31,5562.49
2010-06-01,5557.81
2010-06-02,5590.06
2010-06-03,5637.74
2010-06-04,5545.77
2010-06-07,5534.94
2010-06-08,5480.5
2010-06-09,5553.36
2010-06-10,5598.76
2010-06-11,5639.6
2010-06-14,5678.73
2010-06-15,5692.8
2010-06-16,5701.12
2010-06-17,5689.03
2010-06-18,5673.78
2010-06-21,5737.19
2010-06-22,5690.75
2010-06-23,5623.56
2010-06-24,5565.75
2010-06-25,5529.13
2010-06-28,5562.95
2010-06-29,5419.34
2010-06-30,5407.82
2010-07-01,5286.99
2010-07-02,5282.12
2010-07-05,5256.58
2010-07-06,5357.69
2010-07-07,5388.17
2010-07-08,5438.53
2010-07-09,5482.67
2010-07-12,5504.63
2010-07-13,5567
2010-07-14,5591.4
2010-07-15,5558.11
2010-07-16,5472.04
2010-07-19,5443.9
2010-07-20,5413.62
2010-07-21,5426.68
2010-07-22,5477.81
2010-07-23,5483.21
2010-07-26,5487.08
2010-07-27,5546.36
2010-07-28,5549.03
2010-07-29,5506.79
2010-07-30,5489.77
2010-08-02,5593.96
2010-08-03,5609.71
2010-08-04,5644.46
2010-08-05,5641.49
2010-08-06,5596.51
2010-08-09,5654.04
2010-08-10,5651.93
2010-08-11,5536.86
2010-08-12,5543.04
2010-08-13,5556.78
2010-08-16,5549.27
2010-08-17,5613.93
2010-08-18,5619.67
2010-08-19,5554.58
2010-08-20,5473.51
2010-08-23,5494.92
2010-08-24,5435.64
2010-08-25,5392.58
2010-08-26,5421.8
2010-08-27,5464.65
2010-08-30,5482.9
2010-08-31,5465.25
2010-09-01,5589.16
2010-09-02,5591.68
2010-09-03,5645.28
2010-09-06,5661.23
2010-09-07,5611.53
2010-09-08,5631.91
2010-09-09,5662.87
2010-09-10,5697.49
2010-09-13,5705.42
2010-09-14,5700.46
2010-09-15,5675.59
2010-09-16,5668.42
2010-09-17,5643.01
2010-09-20,5706.08
2010-09-21,5677.22
2010-09-22,5617.94
2010-09-23,5583.81
2010-09-24,5633.12
2010-09-27,5618.41
2010-09-28,5619.99
2010-09-29,5604.09
2010-09-30,5594.62
2010-10-01,5585.86
2010-10-04,5554.29
2010-10-05,5606.99
2010-10-06,5640.84
2010-10-07,5662.16
2010-10-08,5654.69
2010-10-11,5676.61
2010-10-12,5666.21
2010-10-13,5732.85
2010-10-14,5725.95
2010-10-15,5724.52
2010-10-18,5747.43
2010-10-19,5745.16
2010-10-20,5746.8
2010-10-21,5780.71
2010-10-22,5756.44
2010-10-25,5788.08
2010-10-26,5756.06
2010-10-27,5752.6
2010-10-28,5760.5
2010-10-29,5754.64
2010-11-01,5783.6
2010-11-02,5813.75
2010-11-03,5791.91
2010-11-04,5862.42
2010-11-05,5857.47
2010-11-08,5868.25
2010-11-09,5857.1
2010-11-10,5818.99
2010-11-11,5798.37
2010-11-12,5788.08
2010-11-15,5835.85
2010-11-16,5764.9
2010-11-17,5782.23
2010-11-18,5880.98
2010-11-19,5867.72
2010-11-22,5824.16
2010-11-23,5708.74
2010-11-24,5756.62
2010-11-25,5806.37
2010-11-26,5787.57
2010-11-29,5719.2
2010-11-30,5652.48
2010-12-01,5742.99
2010-12-02,5812.27
2010-12-03,5784.12
2010-12-06,5766.56
2010-12-07,5811.45
2010-12-08,5845.27
2010-12-09,5859.49
2010-12-10,5843.78
2010-12-13,5844.66
2010-12-14,5861.33
2010-12-15,5873.57
2010-12-16,5879.47
2010-12-17,5861.4
2010-12-20,5852.96
2010-12-21,5887.61
2010-12-22,5882.47
2010-12-23,5920.38
2010-12-27,5890.31
2010-12-28,5890.85
2010-12-29,5893.97
2010-12-30,5790.62
2011-01-03,5842.19
2011-01-04,5844.27
2011-01-05,5852.35
2011-01-06,5858.48
2011-01-07,5827.71
2011-01-10,5783.09
2011-01-11,5866.99
2011-01-12,5936.84
2011-01-13,5889.9
2011-01-14,5888.19
2011-01-17,5902.84
2011-01-18,5944.79
2011-01-19,5880.81
2011-01-20,5833.43
2011-01-21,5876.14
2011-01-24,5900.09
2011-01-25,5881.97
2011-01-26,5899.17
2011-01-27,5883.83
2011-01-28,5854.77
2011-01-31,5814.95
2011-02-01,5886.51
2011-02-02,5884.26
2011-02-03,5878.8
2011-02-04,5913.03
2011-02-07,5944.37
2011-02-08,5964.91
2011-02-09,5957.99
2011-02-10,5937.18
2011-02-11,5984.07
2011-02-14,5991.42
2011-02-15,6008.18
2011-02-16,6020.98
2011-02-17,6015.67
2011-02-18,6023.95
2011-02-21,5991.43
2011-02-22,5938.76
2011-02-23,5921.66
2011-02-24,5865.2
2011-02-25,5889.33
2011-02-28,5952.3
2011-03-01,5962.11
2011-03-02,5923.29
2011-03-03,5964.12
2011-03-04,5916.78
2011-03-07,5890.47
2011-03-08,5907.56
2011-03-09,5855.85
2011-03-10,5810.4
2011-03-11,5763.76
2011-03-14,5696.11
2011-03-15,5542.25
2011-03-16,5466.82
2011-03-17,5513.89
2011-03-18,5548.33
2011-03-21,5659.92
2011-03-22,5663.18
2011-03-23,5690.02
2011-03-24,5744.2
2011-03-25,5775.4
2011-03-28,5785.24
2011-03-29,5788.64
2011-03-30,5821.82
2011-03-31,5791.55
2011-04-01,5865.28
2011-04-04,5862.34
2011-04-05,5871.62
2011-04-06,5876.73
2011-04-07,5892.11
2011-04-08,5889.89
2011-04-11,5874.37
2011-04-12,5794.53
2011-04-13,5807.59
2011-04-14,5799.7
2011-04-15,5833.94
2011-04-18,5747.65
2011-04-19,5817.71
2011-04-20,5919.5
2011-04-21,5937.46
2011-04-26,5959.25
2011-04-27,5954.55
2011-04-28,5994.01
2011-04-29,6013.04
2011-05-02,6019.2
2011-05-03,6004.14
2011-05-04,5966
2011-05-05,5947.07
2011-05-06,6017.89
2011-05-09,5979.96
2011-05-10,6021.84
2011-05-11,6050.83
2011-05-12,6046.77
2011-05-13,6045.46
2011-05-16,6042.12
2011-05-17,5976.68
2011-05-18,6012.85
2011-05-19,6034.88
2011-05-20,6013.29
2011-05-23,5924.71
2011-05-24,5939.98
2011-05-25,5942.82
2011-05-26,5947.06
2011-05-27,5965.95
2011-05-30,5951.74
2011-05-31,6023.04
2011-06-01,5977.84
2011-06-03,5902.92
2011-06-06,5864.95
2011-06-07,5827.97
2011-06-08,5759.01
2011-06-09,5773.29
2011-06-10,5706.65
2011-06-14,5748.31
2011-06-15,5697.99
2011-06-16,5651.51
2011-06-17,5644.42
2011-06-20,5608.39
2011-06-21,5664.03
2011-06-22,5623.13
2011-06-23,5510.97
2011-06-24,5514.85
2011-06-27,5501.55
2011-06-28,5516.99
2011-06-29,5605.22
2011-06-30,5684.5
2011-07-01,5731.47
2011-07-04,5746.75
2011-07-05,5740.61
2011-07-06,5681.48
2011-07-07,5710.28
2011-07-08,5660.4
2011-07-11,5560.06
2011-07-12,5528.27
2011-07-13,5540.46
2011-07-14,5495.14
2011-07-15,5450.53
2011-07-18,5345.28
2011-07-19,5403.53
2011-07-20,5466.23
2011-07-21,5534.54
2011-07-22,5534.61
2011-07-25,5517.74
2011-07-26,5502.39
2011-07-27,5424.28
2011-07-28,5389.91
2011-07-29,5315.45
2011-08-02,5098.89
2011-08-03,5030.26
2011-08-04,4845.24
2011-08-05,4742.83
2011-08-08,4547.76
2011-08-09,4570.98
2011-08-10,4395.38
2011-08-11,4597.72
2011-08-12,4796.12
2011-08-15,4870.52
2011-08-16,4897.38
2011-08-17,4931.69
2011-08-18,4727.2
2011-08-19,4641.39
2011-08-22,4680.95
2011-08-23,4752.33
2011-08-24,4846.2
2011-08-25,4824.77
2011-08-26,4844.58
2011-08-29,4963.52
2011-08-30,4971.48
2011-08-31,5049.37
2011-09-01,5040.13
2011-09-02,4889.19
2011-09-05,4691.06
2011-09-06,4880.64
2011-09-07,5008.87
2011-09-08,5034.15
2011-09-09,4947.29
2011-09-12,4832.64
2011-09-13,4878.81
2011-09-14,4934.46
2011-09-15,4957.27
2011-09-16,4981.49
2011-09-19,4895.18
2011-09-20,4987.21
2011-09-21,4985.95
2011-09-22,4809.9
2011-09-23,4812.83
2011-09-26,4898.07
2011-09-27,5050.99
2011-09-28,5035.58
2011-09-29,5080.92
2011-09-30,5006.46
2011-10-03,4970.13
2011-10-04,4914.82
2011-10-05,4973.87
2011-10-06,5094.71
2011-10-07,5110.95
2011-10-10,5169.36
2011-10-11,5180.07
2011-10-12,5227.36
2011-10-13,5169.65
2011-10-14,5214.56
2011-10-17,5180.62
2011-10-18,5148.34
2011-10-19,5168.28
2011-10-20,5122.94
2011-10-21,5210.9
2011-10-24,5253.56
2011-10-25,5184.81
2011-10-26,5178.36
2011-10-27,5297.06
2011-10-28,5317.48
2011-10-31,5211.91
2011-11-01,5077.68
2011-11-02,5099.69
2011-11-03,5161.72
2011-11-04,5153.65
2011-11-07,5143.34
2011-11-08,5175.45
2011-11-09,5105.57
2011-11-10,5068.48
2011-11-11,5146.15
2011-11-14,5151.03
2011-11-15,5147
2011-11-16,5160.49
2011-11-17,5122.25
2011-11-18,5091.26
2011-11-21,4966.04
2011-11-22,4939.67
2011-11-23,4880.15
2011-11-24,4858.16
2011-11-25,4887.84
2011-11-28,5008.46
2011-11-29,5016.42
2011-11-30,5131.31
2011-12-01,5149.44
2011-12-02,5186.26
2011-12-05,5211.1
2011-12-06,5228.09
2011-12-07,5227.52
2011-12-08,5193.39
2011-12-09,5239.85
2011-12-12,5190.6
2011-12-13,5201.85
2011-12-14,5151.77
2011-12-15,5200.17
2011-12-16,5161.69
2011-12-19,5186.61
2011-12-20,5226.86
2011-12-21,5227.89
2011-12-22,5261.82
2011-12-23,5308.95
2011-12-27,5302.1
2011-12-28,5304.9
2011-12-29,5309.59
2011-12-30,5343.52
2012-01-03,5452.77
2012-01-04,5456.56
2012-01-05,5422.2
2012-01-06,5411.09
2012-01-09,5390.35
2012-01-10,5447.56
2012-01-11,5412.89
2012-01-12,5427.91
2012-01-13,5411.38
2012-01-16,5440.51
2012-01-17,5465.62
2012-01-18,5516.19
2012-01-19,5588.35
2012-01-20,5527.64
2012-01-23,5536.79
2012-01-24,5539.01
2012-01-25,5488.71
2012-01-26,5514.98
2012-01-27,5463.88
2012-01-30,5404.29
2012-01-31,5412.5
2012-02-01,5501.24
2012-02-02,5501.25
2012-02-03,5579.91
2012-02-06,5575.6
2012-02-07,5585.07
2012-02-08,5583.65
2012-02-09,5594.53
2012-02-10,5562.23
2012-02-13,5599.85
2012-02-14,5589.81
2012-02-15,5622.59
2012-02-16,5632.39
2012-02-17,5653.57
2012-02-20,5664.49
2012-02-21,5648.68
2012-02-22,5609.12
2012-02-23,5613.33
2012-02-24,5606.56
2012-02-27,5610.2
2012-02-28,5593.99
2012-02-29,5584.32
2012-03-01,5598.42
2012-03-02,5622.18
2012-03-05,5620.12
2012-03-06,5517.53
2012-03-07,5567.04
2012-03-08,5646.62
2012-03-09,5681.28
2012-03-12,5675.81
2012-03-13,5739.87
2012-03-14,5773.19
2012-03-15,5802.24
2012-03-16,5814.1
2012-03-19,5805.04
2012-03-20,5774.11
2012-03-21,5767.26
2012-03-22,5722.78
2012-03-23,5717.71
2012-03-26,5760.04
2012-03-27,5749.48
2012-03-28,5726.65
2012-03-29,5661.16
2012-03-30,5715.79
2012-04-02,5787.14
2012-04-03,5757.13
2012-04-04,5670.72
2012-04-05,5670.32
2012-04-10,5576.06
2012-04-11,5578.04
2012-04-12,5641
2012-04-13,5595.35
2012-04-16,5627.83
2012-04-17,5705.36
2012-04-18,5684.21
2012-04-19,5709.9
2012-04-20,5737.83
2012-04-23,5668.91
2012-04-24,5684.51
2012-04-25,5717.74
2012-04-26,5704.19
2012-04-27,5704.19
2012-04-30,5697.4
2012-05-02,5708.26
2012-05-03,5701.96
2012-05-04,5655.48
2012-05-07,5650.34
2012-05-08,5588.02
2012-05-09,5551.38
2012-05-10,5546.97
2012-05-11,5573.12
2012-05-14,5495.76
2012-05-15,5479.35
2012-05-16,5488.88
2012-05-18,5419.76
2012-05-21,5437.63
2012-05-22,5522.27
2012-05-23,5437.51
2012-05-24,5467.89
2012-05-25,5477.46
2012-05-29,5525.93
2012-05-30,5504.52
2012-05-31,5456.06
2012-06-01,5386.38
2012-06-04,5325.76
2012-06-05,5329.89
2012-06-06,5429.85
2012-06-07,5476.39
2012-06-08,5471.03
2012-06-11,5473.79
2012-06-12,5507.31
2012-06-13,5532.19
2012-06-14,5495.71
2012-06-15,5503.45
2012-06-18,5525.39
2012-06-19,5609.65
2012-06-20,5603.35
2012-06-21,5594.09
2012-06-22,5567.84
2012-06-25,5522.13
2012-06-26,5528.14
2012-06-27,5564.79
2012-06-28,5551.89
2012-06-29,5633.27
2012-07-02,5671.18
2012-07-03,5749.8
2012-07-04,5757.79
2012-07-05,5758.66
2012-07-06,5736.32
2012-07-09,5714.68
2012-07-10,5744.14
2012-07-11,5726.35
2012-07-12,5693.22
2012-07-13,5723.14
2012-07-16,5733.94
2012-07-17,5745.61
2012-07-18,5804.51
2012-07-19,5860.86
2012-07-20,5823.89
2012-07-23,5724.19
2012-07-24,5723.37
2012-07-25,5723.84
2012-07-26,5807.09
2012-07-27,5881.58
2012-07-30,5918.21
2012-07-31,5915.33
2012-08-02,5910.99
2012-08-03,5962.98
2012-08-06,5972.98
2012-08-07,5972.04
2012-08-08,5974.2
2012-08-09,6016.03
2012-08-10,5994.37
2012-08-13,5975.09
2012-08-14,6011.28
2012-08-15,6011.82
2012-08-16,6020.56
2012-08-17,6033.32
2012-08-20,6014.51
2012-08-21,6024.3
2012-08-22,5985.09
2012-08-23,5964.87
2012-08-24,5979.38
2012-08-27,5994.08
2012-08-28,5931.78
2012-08-29,5932.29
2012-08-30,5892.47
2012-08-31,5903.73
2012-09-03,5948.48
2012-09-04,5883.63
2012-09-05,5934.75
2012-09-06,6028.21
2012-09-07,6045.23
2012-09-10,6024.8
2012-09-11,6022.1
2012-09-12,6017.16
2012-09-13,6038.72
2012-09-14,6090.75
2012-09-17,6082.19
2012-09-18,6061.01
2012-09-19,6085.95
2012-09-20,6071.67
2012-09-21,6111.62
2012-09-24,6101.6
2012-09-25,6112.79
2012-09-26,6044.42
2012-09-27,6052.98
2012-09-28,6010.92
2012-10-01,6111.71
2012-10-02,6114.8
2012-10-03,6103.79
2012-10-04,6124.6
2012-10-05,6162.58
2012-10-08,6142.73
2012-10-09,6136.37
2012-10-10,6114.41
2012-10-11,6138.99
2012-10-12,6139.18
2012-10-15,6178.03
2012-10-16,6241.3
2012-10-17,6254.77
2012-10-18,6252.96
2012-10-19,6227.95
2012-10-22,6219.35
2012-10-23,6112.81
2012-10-24,6114.95
2012-10-25,6097.45
2012-10-26,6097.07
2012-10-29,6093.86
2012-10-30,6122.53
2012-10-31,6088.61
2012-11-01,6147.8
2012-11-02,6185.15
2012-11-05,6184.96
2012-11-06,6219.25
2012-11-07,6172.94
2012-11-08,6182.5
2012-11-09,6183.32
2012-11-12,6162.68
2012-11-13,6176.81
2012-11-14,6136.15
2012-11-15,6048.4
2012-11-16,5990.69
2012-11-19,6111.56
2012-11-20,6095.8
2012-11-21,6116.75
2012-11-22,6149.04
2012-11-23,6181.63
2012-11-26,6151.07
2012-11-27,6176.98
2012-11-28,6211.83
2012-11-29,6273.78
2012-11-30,6275.35
2012-12-03,6289.91
2012-12-04,6302.2
2012-12-05,6305.55
2012-12-06,6358.44
2012-12-07,6370.83
2012-12-10,6386.54
2012-12-11,6410.86
2012-12-12,6397.83
2012-12-13,6362.37
2012-12-14,6349.2
2012-12-17,6346.16
2012-12-18,6363.99
2012-12-19,6394.35
2012-12-20,6368.6
2012-12-21,6344.62
2012-12-27,6324.04
2012-12-28,6290.52
2013-01-03,6470.37
2013-01-04,6507.68
2013-01-07,6502.07
2013-01-08,6521.6
2013-01-09,6589.71
2013-01-10,6583.62
2013-01-11,6619.71
2013-01-14,6634.68
2013-01-15,6690.79
2013-01-16,6715.43
2013-01-17,6826.12
2013-01-18,6777.89
2013-01-21,6751.27
2013-01-22,6710.38
2013-01-23,6794.09
2013-01-24,6849.77
2013-01-25,6854.89
2013-01-28,6876.58
2013-01-29,6848.51
2013-01-30,6789.27
2013-01-31,6789.4
2013-02-01,6824.36
2013-02-04,6775.12
2013-02-05,6811.08
2013-02-06,6835.2
2013-02-07,6755.55
2013-02-08,6809.23
2013-02-11,6818.34
2013-02-12,6832.97
2013-02-13,6886.97
2013-02-14,6890.52
2013-02-15,6907.21
2013-02-18,6903.35
2013-02-19,6973.51
2013-02-20,7009.31
2013-02-21,6904.09
2013-02-22,6946.87
2013-02-25,6979.02
2013-02-26,6895.03
2013-02-27,6930.18
2013-02-28,7024.53
2013-03-01,7027.07
2013-03-04,7013.86
2013-03-05,7129.89
2013-03-06,7111.85
2013-03-07,7156.98
2013-03-08,7186.87
2013-03-11,7196.89
2013-03-12,7233.69
2013-03-13,7214.02
2013-03-14,7272.24
2013-03-15,7290.42
2013-03-18,7260.02
2013-03-19,7220.4
2013-03-20,7270.71
2013-03-21,7197.51
2013-03-22,7173.96
2013-03-25,7188.17
2013-03-26,7225.81
2013-03-27,7209.15
2013-03-28,7243.46
2013-04-02,7317.05
2013-04-03,7294.58
2013-04-04,7194.69
2013-04-05,7083.2
2013-04-08,7146.83
2013-04-09,7114.69
2013-04-10,7228.6
2013-04-11,7268.06
2013-04-12,7228.31
2013-04-15,7259.34
2013-04-16,7225.23
2013-04-17,7061.89
2013-04-18,7097.56
2013-04-19,7139.1
2013-04-22,7129.85
2013-04-23,7302.9
2013-04-24,7359.24
2013-04-25,7405.06
2013-04-26,7367.47
2013-04-29,7417.43
2013-04-30,7424.88
2013-05-02,7420.15
2013-05-03,7461.21
2013-05-06,7458.23
2013-05-07,7504.83
2013-05-08,7606.27
2013-05-10,7684.72
2013-05-13,7656.9
2013-05-14,7693.05
2013-05-15,7800.96
2013-05-16,7755.07
2013-05-17,7776.41
2013-05-21,7810.32
2013-05-22,7889.83
2013-05-23,7673.63
2013-05-24,7674.59
2013-05-27,7668.68
2013-05-28,7732.69
2013-05-29,7561.44
2013-05-30,7553.89
2013-05-31,7495.05
2013-06-03,7344.96
2013-06-04,7428.5
2013-06-05,7313.12
2013-06-06,7202.68
2013-06-07,7344.99
2013-06-10,7353.8
2013-06-11,7244.22
2013-06-12,7228.63
2013-06-13,7201.59
2013-06-14,7211.34
2013-06-17,7295.05
2013-06-18,7274.91
2013-06-19,7303.25
2013-06-20,7088.59
2013-06-21,7023.76
2013-06-24,6861.36
2013-06-25,6997.95
2013-06-26,7134.1
2013-06-27,7238.1
2013-06-28,7247.62
2013-07-01,7305.01
2013-07-02,7300.96
2013-07-03,7251.28
2013-07-04,7393.11
2013-07-05,7348.32
2013-07-08,7427.5
2013-07-09,7503.66
2013-07-10,7524.66
2013-07-11,7540.26
2013-07-12,7536.26
2013-07-15,7552.42
2013-07-16,7490.92
2013-07-17,7488.74
2013-07-18,7497.71
2013-07-19,7495.08
2013-07-22,7493.06
2013-07-23,7459.76
2013-07-24,7479.33
2013-07-25,7427.8
2013-07-26,7369.05
2013-07-29,7384.53
2013-07-30,7388.64
2013-07-31,7398.59
2013-08-02,7528.9
2013-08-05,7548.46
2013-08-06,7562.68
2013-08-07,7543.18
2013-08-08,7531.24
2013-08-09,7553.74
2013-08-12,7576.78
2013-08-13,7607.39
2013-08-14,7647.09
2013-08-15,7561.8
2013-08-16,7542.24
2013-08-19,7524.13
2013-08-20,7514.88
2013-08-21,7474.69
2013-08-22,7568.84
2013-08-23,7587.41
2013-08-26,7600.26
2013-08-27,7473.43
2013-08-28,7373.36
2013-08-29,7368.45
2013-08-30,7353.92
2013-09-02,7486.04
2013-09-03,7466.79
2013-09-04,7479.43
2013-09-05,7529.52
2013-09-06,7549.36
2013-09-09,7537.7
2013-09-10,7633.14
2013-09-11,7640.71
2013-09-12,7622.39
2013-09-13,7627.23
2013-09-16,7627.81
2013-09-17,7615.02
2013-09-18,7644.62
2013-09-19,7679.95
2013-09-20,7686.81
2013-09-23,7643.3
2013-09-24,7639.41
2013-09-25,7642.1
2013-09-26,7646.3
2013-09-27,7640.72
2013-09-30,7611.23
2013-10-01,7649.67
2013-10-02,7568.51
2013-10-03,7549.23
2013-10-04,7550.03
2013-10-07,7502.96
2013-10-08,7450.45
2013-10-09,7384.31
2013-10-10,7474.95
2013-10-11,7550.03
2013-10-14,7542.51
2013-10-15,7590.66
2013-10-16,7586.48
2013-10-17,7629.98
2013-10-18,7683.08
2013-10-21,7722.39
2013-10-22,7795.46
2013-10-23,7796.23
2013-10-24,7813.18
2013-10-25,7826.78
2013-10-28,7860.73
2013-10-29,7820.03
2013-10-30,7818.86
2013-10-31,7829.04
2013-11-01,7816.25
2013-11-04,7787.81
2013-11-05,7756.32
2013-11-06,7824.27
2013-11-07,7830.96
2013-11-08,7838.9
2013-11-11,7881.11
2013-11-12,7864.91
2013-11-13,7834.37
2013-11-14,7898.01
2013-11-15,7921.4
2013-11-18,7945.98
2013-11-19,7898.42
2013-11-20,7876.82
2013-11-21,7863.11
2013-11-22,7848.96
2013-11-25,7895.87
2013-11-26,7845.18
2013-11-27,7849.75
2013-11-28,7863.54
2013-11-29,7867.29
2013-12-02,7859.15
2013-12-03,7725.15
2013-12-04,7664.47
2013-12-05,7645.07
2013-12-06,7681.16
2013-12-09,7678.19
2013-12-10,7604.45
2013-12-11,7588.28
2013-12-12,7494.6
2013-12-13,7476.98
2013-12-16,7506.68
2013-12-17,7483.61
2013-12-18,7535.12
2013-12-19,7665.63
2013-12-20,7722.24
2013-12-23,7749.68
2013-12-27,7850.82
2013-12-30,7838
2014-01-03,7900.8
2014-01-06,7902.12
2014-01-07,7944.03
2014-01-08,7971.42
2014-01-09,7925.13
2014-01-10,7987.63
2014-01-13,8030.68
2014-01-14,8008.21
2014-01-15,8045.13
2014-01-16,8061.5
2014-01-17,8086.58
2014-01-20,8090.86
2014-01-21,8096.9
2014-01-22,8081.26
2014-01-23,8024.6
2014-01-24,7835.56
2014-01-27,7768.04
2014-01-28,7828.64
2014-01-29,7782.97
2014-01-30,7841.63
2014-01-31,7830.51
2014-02-03,7747.46
2014-02-04,7733.24
2014-02-05,7753.46
2014-02-06,7851.74
2014-02-07,7941.18
2014-02-10,7944.86
2014-02-11,7982.98
2014-02-12,8021.19
2014-02-13,8012.22
2014-02-14,8043.03
2014-02-17,8045.72
2014-02-18,8045.37
2014-02-19,8043.29
2014-02-20,8012.56
2014-02-21,8055.81
2014-02-24,8106.86
2014-02-25,8126.01
2014-02-26,8153.2
2014-02-27,8147.58
2014-02-28,8160.44
2014-03-03,7976.79
2014-03-04,8130.28
2014-03-05,8152.24
2014-03-06,8220.15
2014-03-07,8125.61
2014-03-10,8111.48
2014-03-11,8104.11
2014-03-12,8051.23
2014-03-13,7957.59
2014-03-14,7872.24
2014-03-17,7926.88
2014-03-18,8003.85
2014-03-19,7992.22
2014-03-20,8016.83
2014-03-21,8043.81
2014-03-24,7955.78
2014-03-25,8050.11
2014-03-26,8089.81
2014-03-27,8085.31
2014-03-28,8128.85
2014-03-31,8202.18
2014-04-01,8208.11
2014-04-02,8255.81
2014-04-03,8267.29
2014-04-04,8275.67
2014-04-07,8182.46
2014-04-08,8188.52
2014-04-09,8189.58
2014-04-10,8194.64
2014-04-11,8077.28
2014-04-14,8125.61
2014-04-15,8101.86
2014-04-16,8151.89
2014-04-17,8205.66
2014-04-22,8299.37
2014-04-23,8284.25
2014-04-24,8262.01
2014-04-25,8234.99
2014-04-28,8245.49
2014-04-29,8295.17
2014-04-30,8333.7
2014-05-02,8316.05
2014-05-05,8297.19
2014-05-06,8283.3
2014-05-07,8301.35
2014-05-08,8342.34
2014-05-09,8384.82
2014-05-12,8430.99
2014-05-13,8433.34
2014-05-14,8489.32
2014-05-15,8496.65
2014-05-16,8525.51
2014-05-19,8499.29
2014-05-20,8493.73
2014-05-21,8516.24
2014-05-22,8554.43
2014-05-23,8561.97
2014-05-26,8578.22
2014-05-27,8580.08
2014-05-28,8579.06
2014-05-30,8557.99
2014-06-02,8570.42
2014-06-03,8541.21
2014-06-04,8547.9
2014-06-05,8536.85
2014-06-06,8561.22
2014-06-10,8640.3
2014-06-11,8602.06
2014-06-12,8569.42
2014-06-13,8548.91
2014-06-16,8547.44
2014-06-17,8551.47
2014-06-18,8546.76
2014-06-19,8567.63
2014-06-20,8593.67
2014-06-23,8541.15
2014-06-24,8566.98
2014-06-25,8477.9
2014-06-26,8442.64
2014-06-27,8460.36
2014-06-30,8455.66
2014-07-01,8506.71
2014-07-02,8509.39
2014-07-03,8592.4
2014-07-04,8578.71
2014-07-07,8518.55
2014-07-08,8461.9
2014-07-09,8445.24
2014-07-10,8380.13
2014-07-11,8377.69
2014-07-14,8476.22
2014-07-15,8481.66
2014-07-16,8526.41
2014-07-17,8464.92
2014-07-18,8428.23
2014-07-21,8426.03
2014-07-22,8501.68
2014-07-23,8515.93
2014-07-24,8547.68
2014-07-25,8485.48
2014-07-28,8445.27
2014-07-29,8452.93
2014-07-30,8414.66
2014-07-31,8329.69
2014-08-04,8220.46
2014-08-05,8258.94
2014-08-06,8202.45
2014-08-07,8214.73
2014-08-08,8178.2
2014-08-11,8241.8
2014-08-12,8243.2
2014-08-13,8300.17
2014-08-14,8342.64
2014-08-15,8286.38
2014-08-18,8370.56
2014-08-19,8444.05
2014-08-20,8444.39
2014-08-21,8483.24
2014-08-22,8470.85
2014-08-25,8526.79
2014-08-26,8582.02
2014-08-27,8576.79
2014-08-28,8533.4
2014-08-29,8566.25
2014-09-01,8639.11
2014-09-02,8654.5
2014-09-03,8692.96
2014-09-04,8718.8
2014-09-05,8677.34
2014-09-08,8699.48
2014-09-09,8705.49
2014-09-10,8693.93
2014-09-11,8706.12
2014-09-12,8678.7
2014-09-15,8677.42
2014-09-16,8678.29
2014-09-17,8698.48
2014-09-18,8708.11
2014-09-19,8723.49
2014-09-22,8702.73
2014-09-23,8647.62
2014-09-24,8675.57
2014-09-25,8648.44
2014-09-26,8647.16
2014-09-29,8642.09
2014-09-30,8695.61
2014-10-01,8650.47
2014-10-02,8520.5
2014-10-03,8554.87
2014-10-06,8584.87
2014-10-07,8432.55
2014-10-08,8386.96
2014-10-09,8348.99
2014-10-10,8236.83
2014-10-13,8202.19
2014-10-14,8198.27
2014-10-15,8013.85
2014-10-16,7938.95
2014-10-17,8130.92
2014-10-20,8161.5
2014-10-21,8279.16
2014-10-22,8377.85
2014-10-23,8419.12
2014-10-24,8404.69
2014-10-27,8390.74
2014-10-28,8494.64
2014-10-29,8520.43
2014-10-30,8583.66
2014-10-31,8691.83
2014-11-03,8610.24
2014-11-04,8582.01
2014-11-05,8699.69
2014-11-06,8722.58
2014-11-07,8676.38
2014-11-10,8728.01
2014-11-11,8755.39
2014-11-12,8728.48
2014-11-13,8805.82
2014-11-14,8768.27
2014-11-17,8776.21
2014-11-18,8820.55
2014-11-19,8832.25
2014-11-20,8838.88
2014-11-21,8926.8
2014-11-24,8910.91
2014-11-25,8899.68
2014-11-26,8909.82
2014-11-27,8976.55
2014-11-28,8992.9
2014-12-01,8984.9
2014-12-02,8979.13
2014-12-03,9011.34
2014-12-04,8967.59
2014-12-05,9062.01
2014-12-08,9020.3
2014-12-09,8892.63
2014-12-10,8863.98
2014-12-11,8894.62
2014-12-12,8746.79
2014-12-15,8579.67
2014-12-16,8654.09
2014-12-17,8642.65
2014-12-18,8863.81
2014-12-19,8843.34
2014-12-22,8897.48
2014-12-23,8890.94
2014-12-29,8902.99
2014-12-30,8857.03
2015-01-05,8816.37
2015-01-06,8757.1
2015-01-07,8780.6
2015-01-08,8999.38
2015-01-09,8975.7
2015-01-12,9017.4
2015-01-13,9143.49
2015-01-14,9061.76
2015-01-15,8284.45
2015-01-16,7804.32
2015-01-19,8040.96
2015-01-20,8057.91
2015-01-21,7899.05
2015-01-22,7890.63
2015-01-23,8041.51
2015-01-26,8173.2
2015-01-27,8260.64
2015-01-28,8179.85
2015-01-29,8297.55
2015-01-30,8262.63
2015-02-02,8307.13
2015-02-03,8336.73
2015-02-04,8480.45
2015-02-05,8430.49
2015-02-06,8467.87
2015-02-09,8505.13
2015-02-10,8503.2
2015-02-11,8464.42
2015-02-12,8505.28
2015-02-13,8550.15
2015-02-16,8606.62
2015-02-17,8638.67
2015-02-18,8700.19
2015-02-19,8792.57
2015-02-20,8785.55
2015-02-23,8866.66
2015-02-24,8883.54
2015-02-25,8882.4
2015-02-26,8943.96
2015-02-27,8921.78
2015-03-02,8965.65
2015-03-03,8920.22
2015-03-04,8951.65
2015-03-05,9040.92
2015-03-06,9083.83
2015-03-09,9054.24
2015-03-10,9020.97
2015-03-11,9104.92
2015-03-12,9117.74
2015-03-13,9160.03
2015-03-16,9232.64
2015-03-17,9192.99
2015-03-18,9241.55
2015-03-19,9307.29
2015-03-20,9378.08
2015-03-23,9357.78
2015-03-24,9294.27
2015-03-25,9193.87
2015-03-26,9095.46
2015-03-27,9090.88
2015-03-30,9207.5
2015-03-31,9137.24
2015-04-01,9143.85
2015-04-02,9144.53
2015-04-07,9288.34
2015-04-08,9279.11
2015-04-09,9417.41
2015-04-10,9494.96
2015-04-13,9459.68
2015-04-14,9444.45
2015-04-15,9458.68
2015-04-16,9428.62
2015-04-17,9279.64
2015-04-20,9336.36
2015-04-21,9390.52
2015-04-22,9437.72
2015-04-23,9433.35
2015-04-24,9402.78
2015-04-27,9445.78
2015-04-28,9359.5
2015-04-29,9218.81
2015-04-30,9208.19
2015-05-04,9238.02
2015-05-05,9175.69
2015-05-06,9046.05
2015-05-07,9031.03
2015-05-08,9234.4
2015-05-11,9275.59
2015-05-12,9201.15
2015-05-13,9208.02
2015-05-15,9270.81
2015-05-18,9350.06
2015-05-19,9444.96
2015-05-20,9463.17
2015-05-21,9503.14
2015-05-22,9491.66
2015-05-26,9410.3
2015-05-27,9524.33
2015-05-28,9523.78
2015-05-29,9377.54
2015-06-01,9409.17
2015-06-02,9345.84
2015-06-03,9398.95
2015-06-04,9379.78
2015-06-05,9253.39
2015-06-08,9211.23
2015-06-09,9138.06
2015-06-10,9249.42
2015-06-11,9286.93
2015-06-12,9173.94
2015-06-15,9066.71
2015-06-16,9107.6
2015-06-17,9048.2
2015-06-18,9020.48
2015-06-19,9012.87
2015-06-22,9156.52
2015-06-23,9264.22
2015-06-24,9211.69
2015-06-25,9173.57
2015-06-26,9137.05
2015-06-29,8999.97
2015-06-30,8918.62
2015-07-01,9043.87
2015-07-02,9092.07
2015-07-03,9047.09
2015-07-06,8992.71
2015-07-07,8893.3
2015-07-08,8971.81
2015-07-09,9103.03
2015-07-10,9249.63
2015-07-13,9364.16
2015-07-14,9423.71
2015-07-15,9429.75
2015-07-16,9566.73
2015-07-17,9558.38
2015-07-20,9593.74
2015-07-21,9505.24
2015-07-22,9416.38
2015-07-23,9502.53
2015-07-24,9443.12
2015-07-27,9325.6
2015-07-28,9406.56
2015-07-29,9513.07
2015-07-30,9525.93
2015-07-31,9559.21
2015-08-03,9601.14
2015-08-04,9615.44
2015-08-05,9665.61
2015-08-06,9597.01
2015-08-07,9545.16
2015-08-10,9641.33
2015-08-11,9564.05
2015-08-12,9330.17
2015-08-13,9462.15
2015-08-14,9485.21
2015-08-17,9527.34
2015-08-18,9520.2
2015-08-19,9391.63
2015-08-20,9244.65
2015-08-21,8953.4
2015-08-24,8622.81
2015-08-25,8914.67
2015-08-26,8719.96
2015-08-27,8972.88
2015-08-28,8943.21
2015-08-31,8984.61
2015-09-01,8786.39
2015-09-02,8792.36
2015-09-03,8937.4
2015-09-04,8819.21
2015-09-07,8865.75
2015-09-08,8928.39
2015-09-09,9033.84
2015-09-10,8948.58
2015-09-11,8940.52
2015-09-14,8859.56
2015-09-15,8955.35
2015-09-16,9031.32
2015-09-17,9015.11
2015-09-18,8915.54
2015-09-21,8959.26
2015-09-22,8667.22
2015-09-23,8643.09
2015-09-24,8467.46
2015-09-25,8681.18
2015-09-28,8557.95
2015-09-29,8496.71
2015-09-30,8679.82
2015-10-01,8680.07
2015-10-02,8688.23
2015-10-05,8908.35
2015-10-06,8942.61
2015-10-07,8825.63
2015-10-08,8865.62
2015-10-09,8877.94
2015-10-12,8900.98
2015-10-13,8847.35
2015-10-14,8766.29
2015-10-15,8838.66
2015-10-16,8899.93
2015-10-19,8890.89
2015-10-20,8846.16
2015-10-21,8810.02
2015-10-22,8985.1
2015-10-23,9108.52
2015-10-26,9107.65
2015-10-27,9044.68
2015-10-28,9126.02
2015-10-29,9150.81
2015-10-30,9133.48
2015-11-02,9145.85
2015-11-03,9148.43
2015-11-04,9163.99
2015-11-05,9201.24
2015-11-06,9188.52
2015-11-09,9095.06
2015-11-10,9067.62
2015-11-11,9108.7
2015-11-12,9039.7
2015-11-13,8978.46
2015-11-16,8958.37
2015-11-17,9173.78
2015-11-18,9211.72
2015-11-19,9228.92
2015-11-20,9237.18
2015-11-23,9156.24
2015-11-24,9042.23
2015-11-25,9164
2015-11-26,9196.55
2015-11-27,9231.05
2015-11-30,9232.94
2015-12-01,9241.18
2015-12-02,9262.21
2015-12-03,9110.68
2015-12-04,9060.2
2015-12-07,9092.31
2015-12-08,8964.84
2015-12-09,8888.58
2015-12-10,8889.25
2015-12-11,8759.29
2015-12-14,8644.82
2015-12-15,8849.37
2015-12-16,8874.34
2015-12-17,8928.38
2015-12-18,8879.82
2015-12-21,8817.15
2015-12-22,8793.67
2015-12-23,8976.74
2015-12-28,9012.57
2015-12-29,9153.55
2015-12-30,9093.97
2016-01-04,8929.25
2016-01-05,8971.66
2016-01-06,8878.74
2016-01-07,8710.45
2016-01-08,8527.36
2016-01-11,8486.14
2016-01-12,8603.77
2016-01-13,8683.72
2016-01-14,8568.05
2016-01-15,8364.62
2016-01-18,8349.08
2016-01-19,8479.87
2016-01-20,8228.94
2016-01-21,8293.01
2016-01-22,8526.14
2016-01-25,8515.2
2016-01-26,8578.65
2016-01-27,8594.86
2016-01-28,8443.66
2016-01-29,8610.7
2016-02-01,8604.92
2016-02-02,8497.19
2016-02-03,8425.14
2016-02-04,8309.54
2016-02-05,8266.5
2016-02-08,8051.04
2016-02-09,7869.03
2016-02-10,8019.35
2016-02-11,7783.35
2016-02-12,7941.01
2016-02-15,8143.61
2016-02-16,8112.22
2016-02-17,8251.32
2016-02-18,8237.47
2016-02-19,8188.54
2016-02-22,8286.26
2016-02-23,8144.16
2016-02-24,8025.51
2016-02-25,8189.53
2016-02-26,8276.36
2016-02-29,8249.38
2016-03-01,8374.26
2016-03-02,8438.22
2016-03-03,8400.55
2016-03-04,8443.82
2016-03-07,8480.3
2016-03-08,8432.54
2016-03-09,8437.31
2016-03-10,8354.04
2016-03-11,8468.81
2016-03-14,8491.73
2016-03-15,8420.39
2016-03-16,8392.71
2016-03-17,8348.21
2016-03-18,8310.11
2016-03-21,8341.79
2016-03-22,8345.22
2016-03-23,8381.71
2016-03-24,8264.02
2016-03-29,8289.71
2016-03-30,8345.85
2016-03-31,8316.61
2016-04-01,8223.59
2016-04-04,8267.77
2016-04-05,8208.52
2016-04-06,8301.87
2016-04-07,8292.21
2016-04-08,8356.38
2016-04-11,8353.94
2016-04-12,8386.4
2016-04-13,8526.67
2016-04-14,8606.64
2016-04-15,8595.82
2016-04-18,8625.08
2016-04-19,8735.99
2016-04-20,8766.27
2016-04-21,8727.27
2016-04-22,8682
2016-04-25,8653.91
2016-04-26,8663.01
2016-04-27,8684.28
2016-04-28,8695.94
2016-04-29,8566.82
2016-05-02,8591.16
2016-05-03,8470.24
2016-05-04,8377.01
2016-05-06,8368.97
2016-05-09,8455.06
2016-05-10,8561.69
2016-05-11,8562.06
2016-05-12,8527.73
2016-05-13,8571.08
2016-05-17,8563.02
2016-05-18,8623.71
2016-05-19,8571.04
2016-05-20,8664.6
2016-05-23,8709.57
2016-05-24,8792.23
2016-05-25,8832.82
2016-05-26,8896.46
2016-05-27,8953.95
2016-05-30,8942.47
2016-05-31,8887.41
2016-06-01,8854.99
2016-06-02,8869.7
2016-06-03,8818.74
2016-06-06,8837.17
2016-06-07,8889.92
2016-06-08,8814.19
2016-06-09,8745.38
2016-06-10,8586.33
2016-06-13,8435.82
2016-06-14,8284.2
2016-06-15,8331.34
2016-06-16,8273.96
2016-06-17,8359.96
2016-06-20,8559.73
2016-06-21,8593.56
2016-06-22,8627.15
2016-06-23,8683.57
2016-06-24,8395.77
2016-06-27,8204.31
2016-06-28,8398.25
2016-06-29,8612.42
2016-06-30,8660.22
2016-07-01,8736.59
2016-07-04,8704.98
2016-07-05,8574.56
2016-07-06,8517.56
2016-07-07,8591.48
2016-07-08,8674.36
2016-07-11,8783.94
2016-07-12,8811.17
2016-07-13,8816.66
2016-07-14,8846.4
2016-07-15,8823.03
2016-07-18,8837.97
2016-07-19,8791.3
2016-07-20,8884.7
2016-07-21,8860.14
2016-07-22,8877.17
2016-07-25,8878.15
2016-07-26,8911.47
2016-07-27,8912.13
2016-07-28,8793.66
2016-07-29,8828.2
2016-08-02,8713.96
2016-08-03,8709.3
2016-08-04,8787.52
2016-08-05,8898.06
2016-08-08,8880.22
2016-08-09,8948.78
2016-08-10,8932.36
2016-08-11,9022.16
2016-08-12,9021.82
2016-08-15,9033.76
2016-08-16,8939.28
2016-08-17,8868.38
2016-08-18,8910.87
2016-08-19,8846.36
2016-08-22,8875.98
2016-08-23,8919.18
2016-08-24,8916.14
2016-08-25,8859.19
2016-08-26,8888.07
2016-08-29,8901.6
2016-08-30,8951.5
2016-08-31,8915.79
2016-09-01,8861.83
2016-09-02,9013.26
2016-09-05,9035.77
2016-09-06,9028.14
2016-09-07,9045.49
2016-09-08,9036.8
2016-09-09,8978.18
2016-09-12,8911.83
2016-09-13,8885.44
2016-09-14,8880.78
2016-09-15,8906.48
2016-09-16,8850.97
2016-09-19,8921.02
2016-09-20,8958.79
2016-09-21,8953.6
2016-09-22,9041.76
2016-09-23,9009.21
2016-09-26,8901.56
2016-09-27,8909.87
2016-09-28,8957.13
2016-09-29,8902.79
2016-09-30,8883.25
2016-10-03,8918.35
2016-10-04,8985.31
2016-10-05,8946.99
2016-10-06,8922.07
2016-10-07,8867.05
2016-10-10,8916.42
2016-10-11,8878.33
2016-10-12,8810.39
2016-10-13,8742.07
2016-10-14,8836.42
2016-10-17,8743.13
2016-10-18,8818.23
2016-10-19,8840.48
2016-10-20,8809.39
2016-10-21,8781.74
2016-10-24,8734.07
2016-10-25,8671.57
2016-10-26,8637.39
2016-10-27,8660.79
2016-10-28,8649.34
2016-10-31,8578.7
2016-11-01,8510.92
2016-11-02,8439.74
2016-11-03,8387.11
2016-11-04,8332.71
2016-11-07,8480.29
2016-11-08,8492.96
2016-11-09,8637.73
2016-11-10,8659.98
2016-11-11,8601.43
2016-11-14,8615.08
2016-11-15,8630.29
2016-11-16,8640.66
2016-11-17,8695.42
2016-11-18,8648.15
2016-11-21,8592.56
2016-11-22,8491.66
2016-11-23,8496.74
2016-11-24,8544.82
2016-11-25,8628.02
2016-11-28,8572.19
2016-11-29,8595.24
2016-11-30,8623.48
2016-12-01,8528.45
2016-12-02,8526.58
2016-12-05,8590.56
2016-12-06,8654.48
2016-12-07,8665.6
2016-12-08,8685.38
2016-12-09,8827.99
2016-12-12,8761.89
2016-12-13,8882.92
2016-12-14,8861.49
2016-12-15,8924.73
2016-12-16,8945.48
2016-12-19,8954.67
2016-12-20,8964.94
2016-12-21,8958.17
2016-12-22,8966.45
2016-12-23,8964.87
2016-12-27,8997.41
2016-12-28,8996.88
2016-12-29,8992.19
2016-12-30,8965.7
2017-01-03,9061.16
2017-01-04,9102.46
2017-01-05,9142.16
2017-01-06,9166.05
2017-01-09,9175.24
2017-01-10,9198.87
2017-01-11,9180.53
2017-01-12,9127.74
2017-01-13,9205.22
2017-01-16,9121.83
2017-01-17,9068.59
2017-01-18,9080.21
2017-01-19,9046.53
2017-01-20,9045.41
2017-01-23,9002.04
2017-01-24,9011.49
2017-01-25,9157.03
2017-01-26,9175.24
2017-01-27,9152.03
2017-01-30,9090.07
2017-01-31,9063.32
2017-02-01,9104.34
2017-02-02,9056.89
2017-02-03,9132.14
2017-02-06,9112.56
2017-02-07,9161.8
2017-02-08,9171.02
2017-02-09,9231.35
2017-02-10,9256.15
2017-02-13,9262.97
2017-02-14,9231.04
2017-02-15,9291.29
2017-02-16,9272.15
2017-02-17,9308.74
2017-02-20,9326.25
2017-02-21,9381.61
2017-02-22,9400.65
2017-02-23,9385.3
2017-02-24,9335.19
2017-02-27,9339.45
2017-02-28,9367.08
2017-03-01,9456.58
2017-03-02,9534.27
2017-03-03,9541.35
2017-03-06,9537.08
2017-03-07,9507.79
2017-03-08,9511.23
2017-03-09,9521.54
2017-03-10,9557.65
2017-03-13,9571.48
2017-03-14,9551.88
2017-03-15,9578.45
2017-03-16,9608.75
2017-03-17,9637.68
2017-03-20,9640.19
2017-03-21,9554.41
2017-03-22,9500.13
2017-03-23,9574.36
2017-03-24,9560.72
2017-03-27,9535.06
2017-03-28,9543.37
2017-03-29,9608.07
2017-03-30,9658.25
2017-03-31,9637.82
2017-04-03,9615.91
2017-04-04,9633.35
2017-04-05,9635.7
2017-04-06,9634.8
2017-04-07,9638.15
2017-04-10,9679.7
2017-04-11,9700.91
2017-04-12,9735.41
2017-04-13,9705.97
2017-04-18,9602.33
2017-04-19,9624.74
2017-04-20,9652.68
2017-04-21,9646.64
2017-04-24,9814.54
2017-04-25,9911.31
2017-04-26,9975.34
2017-04-27,10002.68
2017-04-28,9976.11
2017-05-02,10058.62
2017-05-03,10073.67
2017-05-04,10162.93
2017-05-05,10203.58
2017-05-08,10250.11
2017-05-09,10341.28
2017-05-10,10320.78
2017-05-11,10290.52
2017-05-12,10358.97
2017-05-15,10347.27
2017-05-16,10371.65
2017-05-17,10209.24
2017-05-18,10136.94
2017-05-19,10238.22
2017-05-22,10308.69
2017-05-23,10288.98
2017-05-24,10268.81
2017-05-26,10285.32
2017-05-29,10269.4
2017-05-30,10247.37
2017-05-31,10248.87
2017-06-01,10267.67
2017-06-02,10290.1
2017-06-06,10154.64
2017-06-07,10123.61
2017-06-08,10054.96
2017-06-09,10096.02
2017-06-12,10029.78
2017-06-13,10103.57
2017-06-14,10093.77
2017-06-15,10086.18
2017-06-16,10215.31
2017-06-19,10289.08
2017-06-20,10272.33
2017-06-21,10233.89
2017-06-22,10296.05
2017-06-23,10275.66
2017-06-26,10358.54
2017-06-27,10297.96
2017-06-28,10294.45
2017-06-29,10150.92
2017-06-30,10128.34
2017-07-03,10233.49
2017-07-04,10188.79
2017-07-05,10180.57
2017-07-06,10099.68
2017-07-07,10110.24
2017-07-10,10173.09
2017-07-11,10099.23
2017-07-12,10254.15
2017-07-13,10241.01
2017-07-14,10278.86
2017-07-17,10292.47
2017-07-18,10228.3
2017-07-19,10278.32
2017-07-20,10285.42
2017-07-21,10184.45
2017-07-24,10137.89
2017-07-25,10168.31
2017-07-26,10231.4
2017-07-27,10262.63
2017-07-28,10263.55
2017-07-31,10310.53
2017-08-02,10388.68
2017-08-03,10402.86
2017-08-04,10448.96
2017-08-07,10425.43
2017-08-08,10431.16
2017-08-09,10282.86
2017-08-10,10187.53
2017-08-11,10112.23
2017-08-14,10276.92
2017-08-15,10255.28
2017-08-16,10285.86
2017-08-17,10201.31
2017-08-18,10123.34
2017-08-21,10132.53
2017-08-22,10228
2017-08-23,10218.79
2017-08-24,10202.21
2017-08-25,10165.55
2017-08-28,10112.58
2017-08-29,10043.93
2017-08-30,10095.32
2017-08-31,10177.22
2017-09-01,10200.85
2017-09-04,10117.67
2017-09-05,10123.77
2017-09-06,10107.1
2017-09-07,10166.32
2017-09-08,10175.26
2017-09-11,10260.2
2017-09-12,10340.45
2017-09-13,10336.27
2017-09-14,10357.63
2017-09-15,10306.4
2017-09-18,10336.35
2017-09-19,10380.83
2017-09-20,10386.81
2017-09-21,10415.72
2017-09-22,10421.04
2017-09-25,10424.77
2017-09-26,10389.87
2017-09-27,10368.34
2017-09-28,10394.99
2017-09-29,10447.33
2017-10-02,10540.37
2017-10-03,10592.13
2017-10-04,10596.59
2017-10-05,10577.21
2017-10-06,10558.31
2017-10-09,10571.48
2017-10-10,10583.56
2017-10-11,10585
2017-10-12,10625.26
2017-10-13,10643.34
2017-10-16,10600.13
2017-10-17,10586.57
2017-10-18,10634.71
2017-10-19,10547.64
2017-10-20,10554.08
2017-10-23,10570.86
2017-10-24,10518.84
2017-10-25,10415.97
2017-10-26,10543.37
2017-10-27,10531.06
2017-10-30,10529.66
2017-10-31,10604.4
2017-11-01,10639.2
2017-11-02,10633.71
2017-11-03,10691.91
2017-11-06,10657.75
2017-11-07,10585.67
2017-11-08,10631.21
2017-11-09,10524.1
2017-11-10,10483.15
2017-11-13,10500.05
2017-11-14,10472.64
2017-11-15,10422.33
2017-11-16,10499.32
2017-11-17,10533.22
2017-11-20,10654.77
2017-11-21,10692.18
2017-11-22,10650.89
2017-11-23,10675.8
2017-11-24,10688.03
2017-11-27,10624.71
2017-11-28,10687.38
2017-11-29,10655.04
2017-11-30,10674.94
2017-12-01,10618.31
2017-12-04,10684.88
2017-12-05,10645.83
2017-12-06,10663.29
2017-12-07,10632.63
2017-12-08,10690.2
2017-12-11,10675.25
2017-12-12,10720.02
2017-12-13,10752.01
2017-12-14,10742.59
2017-12-15,10748.35
2017-12-18,10811.74
2017-12-19,10764.36
2017-12-20,10671.6
2017-12-21,10780.76
2017-12-22,10756.39
2017-12-27,10803.98
2017-12-28,10779.42
2017-12-29,10751.51
2018-01-03,10857.7
2018-01-04,10892.52
2018-01-05,10955.4
2018-01-08,10944.57
2018-01-09,11027.21
2018-01-10,10926.76
2018-01-11,10903.44
2018-01-12,10951.73
2018-01-15,10948.29
2018-01-16,10878.33
2018-01-17,10864.03
2018-01-18,10872.14
2018-01-19,10935.16
2018-01-22,10950.96
2018-01-23,10977.78
2018-01-24,10969.03
2018-01-25,10886.49
2018-01-26,10922.9
2018-01-29,10859.89
2018-01-30,10821.56
2018-01-31,10737.45
2018-02-01,10698.54
2018-02-02,10604.43
2018-02-05,10459.26
2018-02-06,10179.98
2018-02-07,10353.4
2018-02-08,10103.56
2018-02-09,10007.05
2018-02-12,10167.88
2018-02-13,10090.41
2018-02-14,10247.01
2018-02-15,10275.35
2018-02-16,10353.58
2018-02-19,10260.82
2018-02-20,10332.98
2018-02-21,10346.83
2018-02-22,10322.82
2018-02-23,10305.94
2018-02-26,10393.6
2018-02-27,10356.17
2018-02-28,10258.63
2018-03-01,10121.25
2018-03-02,9940.31
2018-03-05,10140.97
2018-03-06,10160.44
2018-03-07,10174.5
2018-03-08,10303.91
2018-03-09,10353.92
2018-03-12,10391.19
2018-03-13,10296.19
2018-03-14,10285.24
2018-03-15,10355.25
2018-03-16,10347.08
2018-03-19,10275.11
2018-03-20,10312.43
2018-03-21,10248.67
2018-03-22,10083.63
2018-03-23,10006.38
2018-03-26,9943.46
2018-03-27,10088.78
2018-03-28,10201.62
2018-03-29,10189.89
2018-04-03,10065.34
2018-04-04,9989.58
2018-04-05,10202.03
2018-04-06,10166.27
2018-04-09,10179.4
2018-04-10,10262.17
2018-04-11,10206.36
2018-04-12,10286.61
2018-04-13,10295.28
2018-04-16,10301.63
2018-04-17,10412.22
2018-04-18,10430.5
2018-04-19,10433.74
2018-04-20,10409.15
2018-04-23,10421.33
2018-04-24,10420.16
2018-04-25,10350.3
2018-04-26,10470.85
2018-04-27,10485.83
2018-04-30,10524.92
2018-05-02,10545.98
2018-05-03,10491.07
2018-05-04,10558.86
2018-05-07,10682.08
2018-05-08,10652.07
2018-05-09,10694.64
2018-05-11,10723.13
2018-05-14,10725.91
2018-05-15,10717.81
2018-05-16,10686.8
2018-05-17,10712.36
2018-05-18,10662.39
2018-05-22,10654.16
2018-05-23,10505.46
2018-05-24,10481.77
2018-05-25,10480.92
2018-05-28,10505.1
2018-05-29,10353.03
2018-05-30,10289.04
2018-05-31,10164.78
2018-06-01,10333.98
2018-06-04,10359.75
2018-06-05,10274
2018-06-06,10291.13
2018-06-07,10294.48
2018-06-08,10250.69
2018-06-11,10368.55
2018-06-12,10396.23
2018-06-13,10400.88
2018-06-14,10458.07
2018-06-15,10399.71
2018-06-18,10258.5
2018-06-19,10181.39
2018-06-20,10275.15
2018-06-21,10163.72
2018-06-22,10335.43
2018-06-25,10161.3
2018-06-26,10188.4
2018-06-27,10221.51
2018-06-28,10161.46
2018-06-29,10327.29
2018-07-02,10238.95
2018-07-03,10344.1
2018-07-04,10366.86
2018-07-05,10384.36
2018-07-06,10417.28
2018-07-09,10493.23
2018-07-10,10516.99
2018-07-11,10424.83
2018-07-12,10563.57
2018-07-13,10606.14
2018-07-16,10595.33
2018-07-17,10568.8
2018-07-18,10685.24
2018-07-19,10669.66
2018-07-20,10731.47
2018-07-23,10694.63
2018-07-24,10741.11
2018-07-25,10750.64
2018-07-26,10880.89
2018-07-27,10919.28
2018-07-30,10904.51
2018-07-31,10898.11
2018-08-02,10882.89
2018-08-03,10891.76
2018-08-06,10892.53
2018-08-07,10946.63
2018-08-08,10920.96
2018-08-09,10903.67
2018-08-10,10767.08
2018-08-13,10734.17
2018-08-14,10741.81
2018-08-15,10639.02
2018-08-16,10718.33
2018-08-17,10721.58
2018-08-20,10791.15
2018-08-21,10822.83
2018-08-22,10792.58
2018-08-23,10804.15
2018-08-24,10804.53
2018-08-27,10860.64
2018-08-28,10845.36
2018-08-29,10847.38
2018-08-30,10804.66
2018-08-31,10740.34
2018-09-03,10766.68
2018-09-04,10697.14
2018-09-05,10586.23
2018-09-06,10529.09
2018-09-07,10552.68
2018-09-10,10649.99
2018-09-11,10644.02
2018-09-12,10690.62
2018-09-13,10688.38
2018-09-14,10710.03
2018-09-17,10663.91
2018-09-18,10640.04
2018-09-19,10662.87
2018-09-20,10728.83
2018-09-21,10717.95
2018-09-24,10662.02
2018-09-25,10735.93
2018-09-26,10795.5
2018-09-27,10826.95
2018-09-28,10807.82
2018-10-01,10852.07
2018-10-02,10808.26
2018-10-03,10895.87
2018-10-04,10779.07
2018-10-05,10698.23
2018-10-08,10592.49
2018-10-09,10594.67
2018-10-10,10478.85
2018-10-11,10201.83
2018-10-12,10232.38
2018-10-15,10218.24
2018-10-16,10393.04
2018-10-17,10349.93
2018-10-18,10377.84
2018-10-19,10468.58
2018-10-22,10464.14
2018-10-23,10311.65
2018-10-24,10260.83
2018-10-25,10260.57
2018-10-26,10222.78
2018-10-29,10332.75
2018-10-30,10441.22
2018-10-31,10635.53
2018-11-01,10639.88
2018-11-02,10616.04
2018-11-05,10614.81
2018-11-06,10596.97
2018-11-07,10660.24
2018-11-08,10695.74
2018-11-09,10677.08
2018-11-12,10555
2018-11-13,10583.71
2018-11-14,10483.8
2018-11-15,10400.03
2018-11-16,10432.3
2018-11-19,10312.5
2018-11-20,10261.54
2018-11-21,10343.41
2018-11-22,10286.86
2018-11-23,10358.24
2018-11-26,10450.44
2018-11-27,10416.09
2018-11-28,10413.88
2018-11-29,10542.09
2018-11-30,10540.95
2018-12-03,10632
2018-12-04,10602.37
2018-12-05,10442.87
2018-12-06,10128.86
2018-12-07,10220.83
2018-12-10,10002.02
2018-12-11,10182.89
2018-12-12,10346.57
2018-12-13,10295.34
2018-12-14,10175.98
2018-12-17,10038.49
2018-12-18,9940.71
2018-12-19,9953.93
2018-12-20,9798.58
2018-12-21,9812.59
2018-12-27,9576.69
2018-12-28,9830.06
2019-01-03,9858.59
2019-01-04,10033.3
2019-01-07,9970.79
2019-01-08,10077.94
2019-01-09,10148.06
2019-01-10,10266.56
2019-01-11,10293.34
2019-01-14,10218.85
2019-01-15,10292.77
2019-01-16,10358.72
2019-01-17,10408.94
2019-01-18,10525.14
2019-01-21,10512.3
2019-01-22,10465.61
2019-01-23,10468.35
2019-01-24,10451.43
2019-01-25,10434.48
2019-01-28,10367.76
2019-01-29,10465.25
2019-01-30,10509.19
2019-01-31,10514.35
2019-02-01,10530.31
2019-02-04,10541.91
2019-02-05,10698.55
2019-02-06,10695.03
2019-02-07,10571.75
2019-02-08,10527.03
2019-02-11,10600.11
2019-02-12,10661.1
2019-02-13,10696.3
2019-02-14,10705.15
2019-02-15,10805.32
2019-02-18,10847.32
2019-02-19,10826.27
2019-02-20,10899.97
2019-02-21,10925.41
2019-02-22,10936.6
2019-02-25,10986.72
2019-02-26,11047.79
2019-02-27,10982.75
2019-02-28,10964.46
2019-03-01,11003.17
2019-03-04,11046.27
2019-03-05,11061.57
2019-03-06,11067.39
2019-03-07,11042.46
2019-03-08,10973.77
2019-03-11,11059.13
2019-03-12,11054.18
2019-03-13,11115.77
2019-03-14,11223.63
2019-03-15,11232.13
2019-03-18,11238.54
2019-03-19,11273.08
2019-03-20,11210.25
2019-03-21,11210.12
2019-03-22,11061.88
2019-03-25,11038.06
2019-03-26,11145.93
2019-03-27,11140.68
2019-03-28,11161.6
2019-03-29,11241.19
2019-04-01,11319.26
2019-04-02,11318.91
2019-04-03,11368.06
2019-04-04,11356.35
2019-04-05,11385.65
2019-04-08,11394.33
2019-04-09,11429.49
2019-04-10,11408.76
2019-04-11,11400.54
2019-04-12,11344.22
2019-04-15,11427.71
2019-04-16,11498.81
2019-04-17,11495.14
2019-04-18,11479.28
2019-04-23,11590.87
2019-04-24,11615.39
2019-04-25,11656.5
2019-04-26,11691.5
2019-04-29,11705.76
2019-04-30,11735.16
2019-05-02,11707.67
2019-05-03,11721.89
2019-05-06,11676.14
2019-05-07,11594.44
2019-05-08,11647
2019-05-09,11419.83
2019-05-10,11465.43
2019-05-13,11330.82
2019-05-14,11386.68
2019-05-15,11470.12
2019-05-16,11679.83
2019-05-17,11672.21
2019-05-20,11578.95
2019-05-21,11638.12
2019-05-22,11676.36
2019-05-23,11607.16
2019-05-24,11685.87
2019-05-27,11746.31
2019-05-28,11710.9
2019-05-29,11550.06
2019-05-31,11544.54
2019-06-03,11632.88
2019-06-04,11601.42
2019-06-05,11685.24
2019-06-06,11701.65
2019-06-07,11782.3
2019-06-11,11883.11
2019-06-12,11909.1
2019-06-13,11913.51
2019-06-14,11891.1
2019-06-17,11899.36
2019-06-18,12055.62
2019-06-19,12024.03
2019-06-20,12054.39
2019-06-21,11983.34
2019-06-24,11955.46
2019-06-25,11956.7
2019-06-26,11880.9
2019-06-27,11914.67
2019-06-28,11977.38
2019-07-01,12057.62
2019-07-02,12118.36
2019-07-03,12175.8
2019-07-04,12179.17
2019-07-05,12069.25
2019-07-08,12088.96
2019-07-09,12043.18
2019-07-10,12018.1
2019-07-11,11953.83
2019-07-12,11838.27
2019-07-15,11894.53
2019-07-16,11924.37
2019-07-17,12030.79
2019-07-18,12094.5
2019-07-19,12028.67
2019-07-22,12015.25
2019-07-23,12074.37
2019-07-24,12016.24
2019-07-25,11985.79
2019-07-26,12094.91
2019-07-29,12108.89
2019-07-30,12027.05
2019-07-31,12064.45
2019-08-02,11937.15
2019-08-05,11687.61
2019-08-06,11642.45
2019-08-07,11633.24
2019-08-08,11871.42
2019-08-09,11869.44
2019-08-12,11872.65
2019-08-13,11894.59
2019-08-14,11713.85
2019-08-15,11682.31
2019-08-16,11826.61
2019-08-19,11947.89
2019-08-20,11875.82
2019-08-21,11981.83
2019-08-22,11931.42
2019-08-23,11869
2019-08-26,11829.49
2019-08-27,11917.73
2019-08-28,11883.15
2019-08-29,11979.83
2019-08-30,12060.92
2019-09-02,12091.05
2019-09-03,12011.9
2019-09-04,12071.91
2019-09-05,12161.5
2019-09-06,12266.71
2019-09-09,12239.5
2019-09-10,12164.05
2019-09-11,12249.32
2019-09-12,12249.42
2019-09-13,12170.68
2019-09-16,12072.88
2019-09-17,12137.72
2019-09-18,12152.9
2019-09-19,12201.76
2019-09-20,12186.86
2019-09-23,12129.21
2019-09-24,12141.17
2019-09-25,12047.15
2019-09-26,12157.64
2019-09-27,12188.31
2019-09-30,12233.13
2019-10-01,12093.1
2019-10-02,11868.32
2019-10-03,11882.52
2019-10-04,11970.07
2019-10-07,12075.22
2019-10-08,11944.72
2019-10-09,11982.69
2019-10-10,12054.47
2019-10-11,12178.19
2019-10-14,12117.85
2019-10-15,12200.47
2019-10-16,12183.26
2019-10-17,12121.34
2019-10-18,12062.18
2019-10-21,12082.59
2019-10-22,12105.12
2019-10-23,12103.51
2019-10-24,12211.83
2019-10-25,12306.45
2019-10-28,12344.53
2019-10-29,12369.84
2019-10-30,12385.46
2019-10-31,12337.05
2019-11-01,12371.58
2019-11-04,12465.81
2019-11-05,12398.58
2019-11-06,12449.87
2019-11-07,12466.71
2019-11-08,12451.14
2019-11-11,12455.56
2019-11-12,12453.92
2019-11-13,12446.37
2019-11-14,12370.51
2019-11-15,12460.67
2019-11-18,12499.63
2019-11-19,12510.38
2019-11-20,12537.58
2019-11-21,12486.28
2019-11-22,12515.59
2019-11-25,12633.06
2019-11-26,12684.52
2019-11-27,12714.9
2019-11-28,12719.74
2019-11-29,12676.11
2019-12-02,12509.8
2019-12-03,12378.23
2019-12-04,12493.29
2019-12-05,12530.74
2019-12-06,12652.97
2019-12-09,12623.99
2019-12-10,12561.99
2019-12-11,12582.71
2019-12-12,12629.27
2019-12-13,12614.74
2019-12-16,12743.81
2019-12-17,12734.78
2019-12-18,12748.55
2019-12-19,12767.23
2019-12-20,12895.69
2019-12-23,12957.44
2019-12-27,12972.24
2019-12-30,12837.5
2020-01-03,12938.67
2020-01-06,12899.7
2020-01-07,12924.74
2020-01-08,12879.51
2020-01-09,12880.66
2020-01-10,12866.5
2020-01-13,12857.7
2020-01-14,12894.36
2020-01-15,12914.36
2020-01-16,12947.78
2020-01-17,13117.25
2020-01-20,13134.37
2020-01-21,13194.07
2020-01-22,13211.52
2020-01-23,13104.33
2020-01-24,13149.91
2020-01-27,12940.79
2020-01-28,13055.3
2020-01-29,13150.38
2020-01-30,13013.22
2020-01-31,12870.99
2020-02-03,12916.3
2020-02-04,13077.32
2020-02-05,13284.03
2020-02-06,13297.95
2020-02-07,13280.42
2020-02-10,13331.64
2020-02-11,13397.54
2020-02-12,13373.62
2020-02-13,13356.42
2020-02-14,13419.95
2020-02-17,13457.28
2020-02-18,13424.11
2020-02-19,13561.17
2020-02-20,13453.31
2020-02-21,13400.18
2020-02-24,12926.59
2020-02-25,12670.86
2020-02-26,12703.63
2020-02-27,12341.04
2020-02-28,11897.75
2020-03-02,12046.83
2020-03-03,12300.34
2020-03-04,12482.78
2020-03-05,12347.87
2020-03-06,11880.22
2020-03-09,11248.96
2020-03-10,11227.97
2020-03-11,11161.17
2020-03-12,10144.29
2020-03-13,10227.06
2020-03-16,10029.88
2020-03-17,10296.23
2020-03-18,10129.06
2020-03-19,10692.19
2020-03-20,10528.85
2020-03-23,9990.66
2020-03-24,10609.62
2020-03-25,10906.75
2020-03-26,11147.02
2020-03-27,10932.18
2020-03-30,11161.03
2020-03-31,11319.54
2020-04-01,11194.22
2020-04-02,11273.22
2020-04-03,11291.96
2020-04-06,11544.88
2020-04-07,11601.24
2020-04-08,11556.95
2020-04-09,11561.53
2020-04-14,11688.52
2020-04-15,11456.29
2020-04-16,11604.76
2020-04-17,11824.11
2020-04-20,12030.41
2020-04-21,11772.6
2020-04-22,11900.18
2020-04-23,11891.7
2020-04-24,11905.12
2020-04-27,12081.24
2020-04-28,12194.55
2020-04-29,12162.34
2020-04-30,11905.85
2020-05-04,11642.65
2020-05-05,11822.22
2020-05-06,11917.13
2020-05-07,11970.01
2020-05-08,12037.15
2020-05-11,12078.87
2020-05-12,12124.33
2020-05-13,12008.42
2020-05-14,11763.03
2020-05-15,11852.02
2020-05-18,12126.58
2020-05-19,12178.43
2020-05-20,12213.8
2020-05-22,12083.85
2020-05-25,12241.89
2020-05-26,12236.25
2020-05-27,12071.4
2020-05-28,12330.08
2020-05-29,12246.05
2020-06-02,12357.74
2020-06-03,12584.39
2020-06-04,12462.1
2020-06-05,12563.68
2020-06-08,12522.58
2020-06-09,12564.25
2020-06-10,12521.37
2020-06-11,12166.47
2020-06-12,12124.97
2020-06-15,12179.11
2020-06-16,12406.67
2020-06-17,12624.93
2020-06-18,12600.57
2020-06-19,12689.3
2020-06-22,12571.88
2020-06-23,12662.96
2020-06-24,12415.97
2020-06-25,12469.44
2020-06-26,12427.07
2020-06-29,12455.22
2020-06-30,12436.03
2020-07-01,12488.75
2020-07-02,12588.24
2020-07-03,12521.87
2020-07-06,12675.82
2020-07-07,12626
2020-07-08,12601.98
2020-07-09,12566.95
2020-07-10,12670.41
2020-07-13,12757.74
2020-07-14,12686.64
2020-07-15,12926.12
2020-07-16,12893.61
2020-07-17,12880.8
2020-07-20,12944.85
2020-07-21,12908.04
2020-07-22,12916.79
2020-07-23,12870.97
2020-07-24,12646.71
2020-07-27,12712.74
2020-07-28,12720.22
2020-07-29,12723.98
2020-07-30,12526.27
2020-07-31,12407.39
2020-08-03,12658.6
2020-08-04,12582.82
2020-08-05,12516.57
2020-08-06,12488.41
2020-08-07,12498.53
2020-08-10,12511.72
2020-08-11,12595.55
2020-08-12,12742.57
2020-08-13,12735.78
2020-08-14,12633.19
2020-08-17,12714.76
2020-08-18,12660.31
2020-08-19,12827.74
2020-08-20,12741.25
2020-08-21,12725.02
2020-08-24,12832.24
2020-08-25,12746.37
2020-08-26,12853.83
2020-08-27,12771.95
2020-08-28,12675.56
2020-08-31,12658.85
2020-09-01,12716.3
2020-09-02,12939.48
2020-09-03,12729.45
2020-09-04,12626.52
2020-09-07,12792.68
2020-09-08,12730.77
2020-09-09,12913.75
2020-09-10,12889.53
2020-09-11,12944.12
2020-09-14,12962.02
2020-09-15,13030.37
2020-09-16,13083.32
2020-09-17,13039.72
2020-09-18,13070.79
2020-09-21,12823.9
2020-09-22,12862.45
2020-09-23,12842.66
2020-09-24,12701.95
2020-09-25,12715.68
2020-09-28,12835.36
2020-09-29,12758.55
2020-09-30,12724.65
2020-10-01,12784.14
2020-10-02,12805.42
2020-10-05,12864.17
2020-10-06,12769.27
2020-10-07,12721.04
2020-10-08,12817.58
2020-10-09,12884.56
2020-10-12,12947.75
2020-10-13,12912.51
2020-10-14,12860.66
2020-10-15,12589.29
2020-10-16,12737.19
2020-10-19,12704.81
2020-10-20,12678.82
2020-10-21,12494.65
2020-10-22,12484.61
2020-10-23,12507.62
2020-10-26,12436.17
2020-10-27,12336.91
2020-10-28,12002.57
2020-10-29,11950.93
2020-10-30,11994.43
2020-11-02,12218.22
2020-11-03,12466.51
2020-11-04,12801.26
2020-11-05,12825.58
2020-11-06,12834.6
2020-11-09,12934.27
2020-11-10,12860.96
2020-11-11,13056.09
2020-11-12,13016.04
2020-11-13,13016.98
2020-11-16,13122
2020-11-17,13090.44
2020-11-18,13090.4
2020-11-19,13003.42
2020-11-20,13018.47
2020-11-23,12957.35
2020-11-24,12991.55
2020-11-25,12990.81
2020-11-26,13021.12
2020-11-27,13040.78
2020-11-30,13003.41
2020-12-01,12978.66
2020-12-02,12961.27
2020-12-03,12862.45
2020-12-04,12889.33
2020-12-07,12900.29
2020-12-08,12911.15
2020-12-09,12964.78
2020-12-10,12923.75
2020-12-11,12924.5
2020-12-14,12901.8
2020-12-15,12877.24
2020-12-16,13007.14
2020-12-17,13113.48
2020-12-18,13104.43
2020-12-21,12856.3
2020-12-22,12978.92
2020-12-23,12995.26
2020-12-28,13211.73
2020-12-29,13317.54
2020-12-30,13327.88
2021-01-04,13377.26
2021-01-05,13320.6
2021-01-06,13356.34
2021-01-07,13392.38
2021-01-08,13426.94
2021-01-11,13472.82
2021-01-12,13492.16
2021-01-13,13465.39
2021-01-14,13486.84
2021-01-15,13489.01
2021-01-18,13531.83
2021-01-19,13494.56
2021-01-20,13575.89
2021-01-21,13556.65
2021-01-22,13563.86
2021-01-25,13534.33
2021-01-26,13612.11
2021-01-27,13536.56
2021-01-28,13493.11
2021-01-29,13192.93
2021-02-01,13378.67
2021-02-02,13476.98
2021-02-03,13452.09
2021-02-04,13546.92
2021-02-05,13429.3
2021-02-08,13467.41
2021-02-09,13485.99
2021-02-10,13502.13
2021-02-11,13543.47
2021-02-12,13575.82
2021-02-15,13647.37
2021-02-16,13624.92
2021-02-17,13494.59
2021-02-18,13394.99
2021-02-19,13404.24
2021-02-22,13393.04
2021-02-23,13250.56
2021-02-24,13385.38
2021-02-25,13309.86
2021-02-26,13134.38
2021-03-01,13363.54
2021-03-02,13480.61
2021-03-03,13432.91
2021-03-04,13469.97
2021-03-05,13311.13
2021-03-08,13571.43
2021-03-09,13630.49
2021-03-10,13690.26
2021-03-11,13683.7
2021-03-12,13628.25
2021-03-15,13673.21
2021-03-16,13772.86
2021-03-17,13741.51
2021-03-18,13866.47
2021-03-19,13862.45
2021-03-22,13959.58
2021-03-23,14016.82
2021-03-24,13979.6
2021-03-25,14009.97
2021-03-26,14035.61
2021-03-29,14031.22
2021-03-30,14087.42
2021-03-31,14015.01
2021-04-01,14123.88
2021-04-06,14211.09
2021-04-07,14152.57
2021-04-08,14254.09
2021-04-09,14329.31
2021-04-12,14249.85
2021-04-13,14210.51
2021-04-14,14251.77
2021-04-15,14300.38
2021-04-16,14398.22
2021-04-19,14401.23
2021-04-20,14252.04
2021-04-21,14387.11
2021-04-22,14437.62
2021-04-23,14418.02
2021-04-26,14375.3
2021-04-27,14295.28
2021-04-28,14287.66
2021-04-29,14257.82
2021-04-30,14179.11
2021-05-03,14284.22
2021-05-04,14087.75
2021-05-05,14266.24
2021-05-06,14258.87
2021-05-07,14362.75
2021-05-10,14288.17
2021-05-11,14106.08
2021-05-12,14142.12
2021-05-14,14265.7
2021-05-17,14298.56
2021-05-18,14339.46
2021-05-19,14226.08
2021-05-20,14362.58
2021-05-21,14454.16
2021-05-25,14562.33
2021-05-26,14619.82
2021-05-27,14621.42
2021-05-28,14731.05
2021-05-31,14668.99
2021-06-01,14752.14
2021-06-02,14796.86
2021-06-03,14836
2021-06-04,14918.59
2021-06-07,14975.05
2021-06-08,15006.48
2021-06-09,15152.83
2021-06-10,15151.84
2021-06-11,15203.04
2021-06-14,15241.5
2021-06-15,15308.29
2021-06-16,15373.26
2021-06-17,15395.94
2021-06-18,15309.6
2021-06-21,15388.87
2021-06-22,15382.88
2021-06-23,15286.73
2021-06-24,15407.96
2021-06-25,15420.47
2021-06-28,15419.1
2021-06-29,15449.65
2021-06-30,15347.05
2021-07-01,15383.6
2021-07-02,15393.77
2021-07-05,15393.21
2021-07-06,15389.28
2021-07-07,15539.46
2021-07-08,15344.41
2021-07-09,15408.93
2021-07-12,15530.43
2021-07-13,15520.82
2021-07-14,15488.73
2021-07-15,15408.67
2021-07-16,15460.32
2021-07-19,15268.61
2021-07-20,15366.64
2021-07-21,15471.29
2021-07-22,15424.39
2021-07-23,15597.54
2021-07-26,15505.38
2021-07-27,15457.44
2021-07-28,15514.63
2021-07-29,15534.09
2021-07-30,15578.26
2021-08-02,15647.58
2021-08-03,15629.71
2021-08-04,15654.76
2021-08-05,15684.34
2021-08-06,15644.02
2021-08-09,15783.3
2021-08-10,15837.9
2021-08-11,15861.35
2021-08-12,15912.8
2021-08-13,15953.85
2021-08-16,15901.83
2021-08-17,15981.01
2021-08-18,16065.04
2021-08-19,15892.53
2021-08-20,15917.89
2021-08-23,15988.63
2021-08-24,15945.38
2021-08-25,15869.98
2021-08-26,15923.1
2021-08-27,15982.28
2021-08-30,16005.29
2021-08-31,15947.7
2021-09-01,15994.64
2021-09-02,16008.58
2021-09-03,15911.62
2021-09-06,16007.06
2021-09-07,15921.49
2021-09-08,15741.88
2021-09-09,15655.95
2021-09-10,15592.35
2021-09-13,15604.56
2021-09-14,15637.08
2021-09-15,15499.14
2021-09-16,15577.4
2021-09-17,15474.81
2021-09-20,15255.59
2021-09-21,15302.08
2021-09-22,15369.06
2021-09-23,15495.27
2021-09-24,15338.57
2021-09-27,15155.31
2021-09-28,14858.28
2021-09-29,15016.78
2021-09-30,15044.61
2021-10-01,14960.93
2021-10-04,14933.24
2021-10-05,14964.5
2021-10-06,14920.28
2021-10-07,15144.13
2021-10-08,15131.97
2021-10-11,15144.59
2021-10-12,15145.27
2021-10-13,15246.01
2021-10-14,15359.81
2021-10-15,15436.66
2021-10-18,15442.71
2021-10-19,15406.49
2021-10-20,15490.58
2021-10-21,15515.26
2021-10-22,15550.68